45648,Patty O'Furniture,Salaried,N/A,N/A,61460,438
45649,Paddy O'Furniture,Salaried,N/A,N/A,90554,677
45650,Olive Yew,Salaried,N/A,N/A,91797,682
45651,Aida Bugg,Salaried,N/A,N/A,48268,973
45656,Liz Erd,Salaried,N/A,N/A,39484,297
45657,A. Mused,Salaried,N/A,N/A,27933,349
45658,Constance Noring,Salaried,N/A,N/A,97384,676
45659,Lois Di Nominator,Salaried,N/A,N/A,46438,509
45664,Lee A. Sun,Salaried,N/A,N/A,32444,255
45665,Ray Sin,Salaried,N/A,N/A,99713,582
45666,Isabelle Ringing,Salaried,N/A,N/A,27088,947
45667,Eileen Sideways,Salaried,N/A,N/A,22124,780
45672,Chris Anthemum,Salaried,N/A,N/A,93224,810
45673,Anne Teak,Salaried,N/A,N/A,42019,252
45674,U.R. Nice,Salaried,N/A,N/A,77868,728
45675,Anita Bath,Salaried,N/A,N/A,32876,909
45676,Harriet Upp,Salaried,N/A,N/A,29540,582
45677,I.M. Tired,Salaried,N/A,N/A,81379,992
45682,B. Homesoon,Salaried,N/A,N/A,53676,400
45683,Bea Mine,Salaried,N/A,N/A,22334,894
45684,Bess Twishes,Salaried,N/A,N/A,34227,447
45685,C. Yasoon,Salaried,N/A,N/A,96925,622
45690,Eileen Dover,Salaried,N/A,N/A,69997,898
45691,Willie Makit,Salaried,N/A,N/A,24213,841
45692,Willie Findit,Salaried,N/A,N/A,89629,256
45693,Skye Blue,Salaried,N/A,N/A,42044,536
45698,Dee Zynah,Salaried,N/A,N/A,29489,442
45699,Hugh Mannerizorsa,Salaried,N/A,N/A,53883,362
45700,Loco Lyzayta,Salaried,N/A,N/A,94476,831
45701,Manny Jah,Salaried,N/A,N/A,49123,999
45702,Mark Ateer,Salaried,N/A,N/A,50813,589
45703,Reeve Ewer,Salaried,N/A,N/A,55597,774
45708,Neil Down,Salaried,N/A,N/A,98117,659
45709,Con Trariweis,Salaried,N/A,N/A,23325,822
45710,Don Messwidme,Salaried,N/A,N/A,89038,287
45711,Al Annon,Salaried,N/A,N/A,60452,841
45716,Ann Chovey,Salaried,N/A,N/A,74939,991
45717,Barry Cuda,Salaried,N/A,N/A,43440,936
45718,Barry Mundy,Salaried,N/A,N/A,70252,983
45719,John Dory,Salaried,N/A,N/A,26945,651
45724,Rock Cod,Salaried,N/A,N/A,63778,636
45725,Rock Lobster,Salaried,N/A,N/A,32940,816
45726,Ray Manta,Salaried,N/A,N/A,65997,580
45727,E.L. Moray,Salaried,N/A,N/A,27468,877
45728,Hazel Nutt,Salaried,N/A,N/A,87058,297
45729,Chris P. Bacon,Salaried,N/A,N/A,70923,343
45734,Marge Areen,Salaried,N/A,N/A,32137,251
45735,Violet Crumb-Ball,Salaried,N/A,N/A,78805,547
45736,Rosemary Lamb,Salaried,N/A,N/A,55421,846
45737,Cesar Salad,Salaried,N/A,N/A,37322,667
45742,Olive Tree,Salaried,N/A,N/A,80850,706
45743,Fran G. Pani,Salaried,N/A,N/A,83144,765
45744,John Quil,Salaried,N/A,N/A,34306,400
45745,Ev R. Lasting,Salaried,N/A,N/A,72694,328
45750,Del Phineum,Salaried,N/A,N/A,69874,559
45751,Rose Bush,Salaried,N/A,N/A,71356,579
45752,Perry Scope,Salaried,N/A,N/A,26339,744
45753,Frank N. Stein,Salaried,N/A,N/A,29848,622
45754,Roy L. Commishun,Salaried,N/A,N/A,74940,756
45755,Pat Thettick,Salaried,N/A,N/A,93534,725
45760,Pat N. Toffis,Salaried,N/A,N/A,57640,550
45761,Karen Onnabit,Salaried,N/A,N/A,90007,807
45762,Col Fays,Salaried,N/A,N/A,58887,295
45763,Fay Daway,Salaried,N/A,N/A,64529,772
45768,Toi Story,Salaried,N/A,N/A,29591,812
45769,Gene Eva Convenshun,Salaried,N/A,N/A,21404,594
45770,Jen Tile,Salaried,N/A,N/A,77127,646
45771,Simon Sais,Salaried,N/A,N/A,89597,917
45776,Art Decco,Salaried,N/A,N/A,56900,422
45777,Lynne Gwistic,Salaried,N/A,N/A,84623,415
45778,Polly Ester Undawair,Salaried,N/A,N/A,66489,773
45779,Oscar Nommanee,Salaried,N/A,N/A,50990,844
45780,Laura Biding,Salaried,N/A,N/A,64400,588
45781,Laura Norda,Salaried,N/A,N/A,54348,701
45786,Dee Mandingboss,Salaried,N/A,N/A,87436,982
45787,Sly Meedentalfloss,Salaried,N/A,N/A,47669,923
45788,Stanley Knife,Salaried,N/A,N/A,49667,362
45789,Wynn Dozeaplikayshun,Salaried,N/A,N/A,86429,750
45794,Polly Wannakrakouer,Salaried,N/A,N/A,70837,984
45795,Con Staninterupshuns,Salaried,N/A,N/A,38872,659
45796,Fran Tick,Salaried,N/A,N/A,37070,729
45797,Santi Argo,Salaried,N/A,N/A,98166,300
45802,Manuel Labor,Salaried,N/A,N/A,48347,495
45803,Ivan Itchinos,Salaried,N/A,N/A,75012,957
45804,Ivan Notheridiya,Salaried,N/A,N/A,93479,472
45805,Mustafa Leek,Salaried,N/A,N/A,45828,402
45806,Emma Grate,Salaried,N/A,N/A,32247,452
45807,Annie Versaree,Salaried,N/A,N/A,43872,354
45812,Wiley Waites,Salaried,N/A,N/A,89294,235
45813,Ty R. Leeva,Salaried,N/A,N/A,26453,482
45814,Ed U. Cayshun,Salaried,N/A,N/A,52901,298
45815,Anne T. Dote,Salaried,N/A,N/A,48996,933
45652,Maureen Biologist,Hourly,69,122,N/A,N/A
45653,Teri Dactyl,Hourly,57,152,N/A,N/A
45654,Peg Legge,Hourly,66,132,N/A,N/A
45655,Allie Grater,Hourly,21,102,N/A,N/A
45660,Minnie Van Ryder,Hourly,74,110,N/A,N/A
45661,Lynn OÕLeeum,Hourly,35,104,N/A,N/A
45662,P. Ann OÕRecital,Hourly,55,159,N/A,N/A
45663,Ray OÕSun,Hourly,49,110,N/A,N/A
45668,Rita Book,Hourly,49,132,N/A,N/A
45669,Paige Turner,Hourly,23,114,N/A,N/A
45670,Rhoda Report,Hourly,56,130,N/A,N/A
45671,Augusta Wind,Hourly,48,158,N/A,N/A
45678,I. Missy Ewe,Hourly,41,146,N/A,N/A
45679,Ivana B. Withew,Hourly,69,150,N/A,N/A
45680,Anita Letterback,Hourly,53,106,N/A,N/A
45681,Hope Furaletter,Hourly,69,105,N/A,N/A
45686,Audie Yose,Hourly,57,128,N/A,N/A
45687,Dee End,Hourly,36,142,N/A,N/A
45688,Amanda Hug,Hourly,34,120,N/A,N/A
45689,Ben Dover,Hourly,28,116,N/A,N/A
45694,Staum Clowd,Hourly,78,128,N/A,N/A
45695,Addie Minstra,Hourly,67,117,N/A,N/A
45696,Anne Ortha,Hourly,55,126,N/A,N/A
45697,Dave Allippa,Hourly,32,105,N/A,N/A
45704,Tex Ryta,Hourly,22,138,N/A,N/A
45705,Theresa Green,Hourly,73,144,N/A,N/A
45706,Barry Kade,Hourly,75,149,N/A,N/A
45707,Stan Dupp,Hourly,73,102,N/A,N/A
45712,Anna Domino,Hourly,40,113,N/A,N/A
45713,Clyde Stale,Hourly,63,107,N/A,N/A
45714,Anna Logwatch,Hourly,59,136,N/A,N/A
45715,Anna Littlical,Hourly,22,136,N/A,N/A
45720,Murray Cod,Hourly,71,127,N/A,N/A
45721,Coral Trout,Hourly,22,113,N/A,N/A
45722,Red Salmon,Hourly,79,139,N/A,N/A
45723,Tiger Prawn,Hourly,30,134,N/A,N/A
45730,Chris P. Creem,Hourly,56,152,N/A,N/A
45731,Marsha Mellow,Hourly,77,115,N/A,N/A
45732,Barb Akew,Hourly,19,119,N/A,N/A
45733,Pete Tsar,Hourly,49,131,N/A,N/A
45738,Frank Furter,Hourly,41,122,N/A,N/A
45739,Hugo First,Hourly,61,116,N/A,N/A
45740,Percy Vere,Hourly,33,134,N/A,N/A
45741,Jack Aranda,Hourly,26,133,N/A,N/A
45746,Anne Thurium,Hourly,16,146,N/A,N/A
45747,Cherry Blossom,Hourly,15,113,N/A,N/A
45748,Glad I. Oli,Hourly,18,108,N/A,N/A
45749,Ginger Plant,Hourly,26,138,N/A,N/A
45756,Percy Kewshun,Hourly,46,110,N/A,N/A
45757,Rod Knee,Hourly,20,141,N/A,N/A
45758,Hank R. Cheef,Hourly,43,128,N/A,N/A
45759,Bridget Theriveaquai,Hourly,49,131,N/A,N/A
45764,Joe V. Awl,Hourly,62,153,N/A,N/A
45765,Wes Yabinlatelee,Hourly,41,155,N/A,N/A
45766,Colin Sik,Hourly,64,131,N/A,N/A
45767,Greg Arias,Hourly,49,130,N/A,N/A
45772,Peter Owt,Hourly,27,140,N/A,N/A
45773,Hugh N. Cry,Hourly,56,101,N/A,N/A
45774,Lee Nonmi,Hourly,38,151,N/A,N/A
45775,Lynne Gwafranca,Hourly,20,142,N/A,N/A
45782,Des Ignayshun,Hourly,71,108,N/A,N/A
45783,Mike Rowe-Soft,Hourly,19,116,N/A,N/A
45784,Anne T. Kwayted,Hourly,53,136,N/A,N/A
45785,Wayde N. Thabalanz,Hourly,57,104,N/A,N/A
45790,Mal Ajusted,Hourly,58,119,N/A,N/A
45791,Penny Black,Hourly,51,153,N/A,N/A
45792,Mal Nurrisht,Hourly,63,143,N/A,N/A
45793,Polly Pipe,Hourly,45,126,N/A,N/A
45798,Carmen Goh,Hourly,62,152,N/A,N/A
45799,Carmen Sayid,Hourly,21,104,N/A,N/A
45800,Norma Stitts,Hourly,41,107,N/A,N/A
45801,Ester La Vista,Hourly,56,156,N/A,N/A
45808,Tim Midsaylesman,Hourly,77,123,N/A,N/A
45809,Mary Krismass,Hourly,19,152,N/A,N/A
45810,Tim Too,Hourly,22,112,N/A,N/A
45811,Lana Lynne Creem,Hourly,24,129,N/A,N/A
45816,Claude Strophobia,Hourly,20,138,N/A,N/A
45817,Anne Gloindian,Hourly,66,131,N/A,N/A
